-- CASE STUDY
CREATE DATABASE AUTOMOBILE;

USE AUTOMOBILE;

CREATE TABLE OWNER(
 LICENSE_NO INT PRIMARY KEY,
 NAME VARCHAR(50) NOT NULL,
 ADDRESS VARCHAR(50) NOT NULL,
 PHONE_NO BIGINT UNIQUE
);

CREATE TABLE CARS(
 CAR_NO INT PRIMARY KEY,
 MODEL VARCHAR(50) NOT NULL,
 COLOR VARCHAR(50) NOT NULL,
 LICENSE_NO INT,
 FOREIGN KEY (LICENSE_NO) references OWNER(LICENSE_NO)
);

INSERT INTO OWNER VALUES
(101, 'MR.SHAH', 'PUNE', 9876543210),
(102, 'RAHUL PATEL', 'MUMBAI', 9876543211),
(103, 'MR.RAJ SHAH', 'AHMEDABAD', 9876543212),
(104, 'AMIT KUMAR', 'DELHI', 9876543213),
(105, 'MR.KUNAL SHAH', 'SURAT', 9876543214),
(106, 'PRIYA SHARMA', 'PUNE', 9876543215),
(107, 'ROHAN DESAI', 'VADODARA', 9876543216),
(108, 'MR.ANIL SHAH', 'CHENNAI', 9876543217),
(109, 'VIKAS MEHTA', 'KOLKATA', 9876543218),
(110, 'NEHA JAIN', 'JAIPUR', 9876543219),
(111, 'MR.HITESH SHAH', 'PUNE', 9876543220),
(112, 'KARAN SINGH', 'NAGPUR', 9876543221),
(113, 'MR.RAVI SHAH', 'MUMBAI', 9876543222),
(114, 'PANKAJ VERMA', 'INDORE', 9876543223),
(115, 'SONAL GUPTA', 'PUNE', 9876543224),
(116, 'MR.DEEPAK SHAH', 'HYDERABAD', 9876543225),
(117, 'MEENA IYER', 'BANGALORE', 9876543226),
(118, 'ARJUN NAIR', 'KOCHI', 9876543227),
(119, 'MR.MAYUR SHAH', 'PUNE', 9876543228),
(120, 'KAVITA JOSHI', 'LUCKNOW', 9876543229),
(121, 'MR.JIGNESH SHAH', 'SURAT', 9876543230),
(122, 'ANUJ SAXENA', 'PUNE', 9876543231),
(123, 'MR.AJAY SHAH', 'MUMBAI', 9876543232),
(124, 'RITU MALHOTRA', 'DELHI', 9876543233),
(125, 'MR.NILESH SHAH', 'PUNE', 9876543234),
(126, 'SANJAY YADAV', 'RANCHI', 9876543235),
(127, 'MR.KETAN SHAH', 'AHMEDABAD', 9876543236),
(128, 'POOJA SHETTY', 'MANGALORE', 9876543237),
(129, 'MR.SHAH', 'PUNE', 9876543238),
(130, 'HARSH TRIVEDI', 'UDAIPUR', 9876543239);


INSERT INTO CARS VALUES
(201, 'ZEN', 'WHITE', 101),
(202, 'INDICA', 'BLUE', 101),
(203, 'SWIFT', 'RED', 101),
(204, 'I20', 'BLUE', 102),
(205, 'ALTO', 'GRAY', 102),
(206, 'CITY', 'BLACK', 103),
(207, 'VERNA', 'WHITE', 103),
(208, 'ZEN', 'SILVER', 103),
(209, 'BALENO', 'BLUE', 104),
(210, 'INDICA', 'RED', 104),
(211, 'CRETA', 'BLUE', 101),
(212, 'WAGONR', 'WHITE', 105),
(213, 'ZEN', 'GRAY', 105),
(214, 'SWIFT', 'RED', 106),
(215, 'INDICA', 'BLUE', 106),
(216, 'THAR', 'BLACK', 107),
(217, 'SCORPIO', 'WHITE', 107),
(218, 'BREZZA', 'SILVER', 108),
(219, 'FORTUNER', 'BLACK', 108),
(220, 'NEXON', 'BLUE', 101),
(221, 'ALTROZ', 'WHITE', 109),
(222, 'PUNCH', 'GREEN', 110),
(223, 'ZEN', 'BLUE', 101),
(224, 'INDICA', 'GRAY', 111),
(225, 'SWIFT', 'BLACK', 111),
(226, 'I10', 'WHITE', 112),
(227, 'ZEN', 'RED', 112),
(228, 'BALENO', 'BLUE', 113),
(229, 'CITY', 'BLACK', 113),
(230, 'VERNA', 'SILVER', 114),
(231, 'INDICA', 'WHITE', 114),
(232, 'CRETA', 'RED', 115),
(233, 'ZEN', 'BLACK', 115),
(234, 'SWIFT', 'WHITE', 116),
(235, 'INDICA', 'BLUE', 116),
(236, 'ALTROZ', 'GRAY', 117),
(237, 'ZEN', 'SILVER', 117),
(238, 'BALENO', 'BLACK', 118),
(239, 'PUNCH', 'WHITE', 118),
(240, 'SCORPIO', 'RED', 119),
(241, 'INDICA', 'GREEN', 119),
(242, 'FORTUNER', 'BLACK', 120),
(243, 'ZEN', 'WHITE', 120),
(244, 'I20', 'BLUE', 121),
(245, 'SWIFT', 'GRAY', 121),
(246, 'CITY', 'WHITE', 122),
(247, 'INDICA', 'BLACK', 122),
(248, 'THAR', 'RED', 123),
(249, 'ZEN', 'BLUE', 123),
(250, 'CRETA', 'SILVER', 124),
(251, 'BALENO', 'WHITE', 124),
(252, 'ALTROZ', 'BLACK', 125),
(253, 'INDICA', 'RED', 125),
(254, 'WAGONR', 'GRAY', 126),
(255, 'ZEN', 'WHITE', 126),
(256, 'SCORPIO', 'BLACK', 127),
(257, 'SWIFT', 'BLUE', 127),
(258, 'PUNCH', 'GREEN', 128),
(259, 'INDICA', 'WHITE', 128),
(260, 'VERNA', 'RED', 129),
(261, 'ZEN', 'BLACK', 129),
(262, 'CITY', 'SILVER', 130),
(263, 'BALENO', 'WHITE', 130);

SELECT *
FROM OWNER;

SELECT *
FROM CARS;

-- CASE QUESTION
-- 1) Find the name of the Owner of 'Zen' and 'Indica' cars.

SELECT DISTINCT O.NAME,C.MODEL,C.LICENSE_NO
FROM OWNER AS O
RIGHT JOIN CARS AS C
ON O.LICENSE_NO = C.LICENSE_NO
WHERE C.MODEL IN ('ZEN','Indica');

SELECT NAME
FROM OWNER
WHERE LICENSE_NO IN (
  SELECT LICENSE_NO
  FROM CARS
  WHERE MODEL IN ('ZEN','Indica')
);

-- 2) Insert a RECORD IN A CAR RELATION
INSERT INTO CARS
VALUES
(264, 'SWIFT', 'BLUE', 101);

SELECT *
FROM CARS;

-- 3) LIST ALL THE MODEL OF OWNER 'MR.SHAH' HAVING COLOR BLUE

SELECT O.NAME,C.COLOR,C.MODEL
FROM OWNER AS O
INNER JOIN CARS AS C
ON O.LICENSE_NO = C.LICENSE_NO
WHERE O.NAME = "MR.SHAH" AND C.COLOR = "BLUE";

SELECT MODEL,COLOR
FROM CARS
WHERE COLOR = "BLUE" AND 
LICENSE_NO IN (
  SELECT LICENSE_NO
  FROM OWNER
  WHERE NAME = "MR.SHAH"
);

-- 4) TO LIST THE INFORMATION OF ALL CARS IN PUNE.
SELECT O.ADDRESS,C.*
FROM OWNER AS O
RIGHT JOIN CARS AS C
ON O.LICENSE_NO = C.LICENSE_NO
WHERE O.ADDRESS = "PUNE";

-- CASE STUDY 4

CREATE TABLE LIVES(
 PERSON_NAME VARCHAR(50) PRIMARY KEY,
 STREET TEXT NOT NULL,
 CITY VARCHAR(50)
);

CREATE TABLE LOCATED_IN (
  COMPANY_NAME VARCHAR(50) PRIMARY KEY,
  CITY VARCHAR(50) NOT NULL
);

CREATE TABLE WORKS(
PERSON_NAME VARCHAR(50),
COMPANY_NAME VARCHAR(50),
SALARY FLOAT NOT NULL,
FOREIGN KEY(PERSON_NAME) references LIVES(PERSON_NAME),
FOREIGN KEY(COMPANY_NAME) REFERENCES LOCATED_IN(COMPANY_NAME)
);

CREATE TABLE MANAGER(
  PERSON_NAME VARCHAR(50),
  MANAGER_NAME VARCHAR(50),
  FOREIGN KEY (PERSON_NAME) REFERENCES LIVES(PERSON_NAME),
  FOREIGN KEY (MANAGER_NAME) references LIVES(PERSON_NAME)
);

INSERT INTO LIVES VALUES
('RAHUL', 'MG ROAD', 'PUNE'),
('AMIT', 'FC ROAD', 'PUNE'),
('SNEHA', 'MAIN STREET', 'MUMBAI'),
('VIKAS', 'STATION ROAD', 'DELHI'),
('POOJA', 'LAJPAT NAGAR', 'DELHI'),
('KARAN', 'SHIVAJI NAGAR', 'PUNE'),
('NEHA', 'KOREGAON PARK', 'PUNE'),
('ROHAN', 'ANDHERI', 'MUMBAI'),
('PRIYA', 'HADAPSAR', 'PUNE'),
('ADITYA', 'BANER', 'PUNE'),
('MANISH', 'SHIVAJI NAGAR', 'NAGPUR'),
('DIVYA', 'BANDRA', 'MUMBAI'),
('SAHIL', 'KALYAN', 'MUMBAI'),
('RITU', 'DWARKA', 'DELHI'),
('AJAY', 'KAROL BAGH', 'DELHI'),
('MEENA', 'KOTHRUD', 'PUNE'),
('NITIN', 'VIMAN NAGAR', 'PUNE'),
('SWATI', 'CHANDNI CHOWK', 'DELHI'),
('HARSH', 'WAKAD', 'PUNE'),
('ANITA', 'ANDHERI EAST', 'MUMBAI');


INSERT INTO LOCATED_IN VALUES
('TCS', 'PUNE'),
('INFOSYS', 'BANGALORE'),
('WIPRO', 'MUMBAI'),
('GOOGLE', 'HYDERABAD'),
('MICROSOFT', 'HYDERABAD'),
('AMAZON', 'BANGALORE'),
('IBM', 'PUNE'),
('DELOITTE', 'MUMBAI'),
('CAPGEMINI', 'PUNE'),
('ORACLE', 'BANGALORE'),
('HCL', 'NOIDA'),
('TECH MAHINDRA', 'PUNE'),
('ACCENTURE', 'MUMBAI'),
('CISCO', 'BANGALORE'),
('SAP', 'PUNE'),
('INTEL', 'BANGALORE'),
('APPLE', 'MUMBAI'),
('FACEBOOK', 'HYDERABAD'),
('ZOMATO', 'GURGAON'),
('FLIPKART', 'BANGALORE');

INSERT INTO WORKS VALUES
('RAHUL', 'TCS', 50000),
('AMIT', 'TCS', 60000),
('KARAN', 'TCS', 45000),
('NEHA', 'TCS', 48000),
('SNEHA', 'INFOSYS', 55000),
('ROHAN', 'INFOSYS', 53000),
('PRIYA', 'INFOSYS', 51000),
('ADITYA', 'INFOSYS', 60000),
('VIKAS', 'WIPRO', 70000),
('POOJA', 'GOOGLE', 90000),
('MANISH', 'IBM', 65000),
('DIVYA', 'DELOITTE', 62000),
('SAHIL', 'CAPGEMINI', 58000),
('RITU', 'ORACLE', 72000),
('AJAY', 'HCL', 50000),
('MEENA', 'TECH MAHINDRA', 55000),
('NITIN', 'ACCENTURE', 75000),
('SWATI', 'CISCO', 80000),
('HARSH', 'SAP', 68000),
('ANITA', 'FLIPKART', 85000);

INSERT INTO MANAGER VALUES
('RAHUL', 'AMIT'),
('KARAN', 'AMIT'),
('NEHA', 'AMIT'),
('AMIT', 'VIKAS'),
('SNEHA', 'VIKAS'),
('ROHAN', 'VIKAS'),
('PRIYA', 'VIKAS'),
('ADITYA', 'VIKAS'),
('VIKAS', 'POOJA'),
('POOJA', 'POOJA'),
('MANISH', 'SNEHA'),
('DIVYA', 'SNEHA'),
('SAHIL', 'ROHAN'),
('RITU', 'POOJA'),
('AJAY', 'POOJA'),
('MEENA', 'AMIT'),
('NITIN', 'AMIT'),
('SWATI', 'VIKAS'),
('HARSH', 'POOJA'),
('ANITA', 'VIKAS');

SELECT * FROM LIVES;
SELECT * FROM LOCATED_IN;
SELECT * FROM WORKS;
SELECT * FROM MANAGER;

-- CASE QUESTION

-- 1) FIND ALL EMPLOYEE WHO HAVE MORE THAN THE AVG SALARY OF EMPLOYEE IN THERIR COMPANY.

SELECT PERSON_NAME,SALARY
FROM WORKS
WHERE SALARY > (
  SELECT AVG(SALARY)
  FROM WORKS
);

-- 2) FIND THE COMPANY WITH LEAST NUMBER OF employees.
SELECT COMPANY_NAME,COUNT(*) AS NO_OF_EMPLOYEE
FROM WORKS
GROUP BY COMPANY_NAME
HAVING COUNT(*) = (
    SELECT MIN(CNT)
    FROM (
        SELECT COUNT(*) AS CNT
        FROM WORKS
        GROUP BY COMPANY_NAME
    ) AS TEMP
);






